{
    "back_pack": {
        "precision": 0.7663551401869159,
        "recall": 0.9425287356321839,
        "f1-score": 0.845360824742268,
        "support": 87
    },
    "bike": {
        "precision": 0.8953488372093024,
        "recall": 1.0,
        "f1-score": 0.9447852760736196,
        "support": 77
    },
    "bike_helmet": {
        "precision": 0.8142857142857143,
        "recall": 0.8507462686567164,
        "f1-score": 0.832116788321168,
        "support": 67
    },
    "bookcase": {
        "precision": 0.5565217391304348,
        "recall": 0.8311688311688312,
        "f1-score": 0.6666666666666666,
        "support": 77
    },
    "bottle": {
        "precision": 0.3142857142857143,
        "recall": 0.7096774193548387,
        "f1-score": 0.43564356435643564,
        "support": 31
    },
    "calculator": {
        "precision": 0.5637583892617449,
        "recall": 0.9438202247191011,
        "f1-score": 0.7058823529411764,
        "support": 89
    },
    "desk_chair": {
        "precision": 0.8478260869565217,
        "recall": 0.9069767441860465,
        "f1-score": 0.8764044943820224,
        "support": 86
    },
    "desk_lamp": {
        "precision": 0.8837209302325582,
        "recall": 0.41304347826086957,
        "f1-score": 0.562962962962963,
        "support": 92
    },
    "desktop_computer": {
        "precision": 0.2,
        "recall": 0.03260869565217391,
        "f1-score": 0.056074766355140186,
        "support": 92
    },
    "file_cabinet": {
        "precision": 0.2919254658385093,
        "recall": 0.618421052631579,
        "f1-score": 0.3966244725738397,
        "support": 76
    },
    "headphones": {
        "precision": 0.9333333333333333,
        "recall": 0.8936170212765957,
        "f1-score": 0.9130434782608695,
        "support": 94
    },
    "keyboard": {
        "precision": 0.8681318681318682,
        "recall": 0.8315789473684211,
        "f1-score": 0.849462365591398,
        "support": 95
    },
    "laptop_computer": {
        "precision": 0.5555555555555556,
        "recall": 0.8947368421052632,
        "f1-score": 0.685483870967742,
        "support": 95
    },
    "letter_tray": {
        "precision": 0.7682926829268293,
        "recall": 0.6774193548387096,
        "f1-score": 0.7199999999999999,
        "support": 93
    },
    "mobile_phone": {
        "precision": 0.7757009345794392,
        "recall": 0.8736842105263158,
        "f1-score": 0.8217821782178217,
        "support": 95
    },
    "monitor": {
        "precision": 0.7272727272727273,
        "recall": 0.9361702127659575,
        "f1-score": 0.8186046511627907,
        "support": 94
    },
    "mouse": {
        "precision": 0.7008547008547008,
        "recall": 0.8631578947368421,
        "f1-score": 0.7735849056603774,
        "support": 95
    },
    "mug": {
        "precision": 0.8676470588235294,
        "recall": 0.6629213483146067,
        "f1-score": 0.7515923566878979,
        "support": 89
    },
    "paper_notebook": {
        "precision": 0.5242718446601942,
        "recall": 0.5934065934065934,
        "f1-score": 0.5567010309278351,
        "support": 91
    },
    "pen": {
        "precision": 0.5970149253731343,
        "recall": 0.4444444444444444,
        "f1-score": 0.5095541401273885,
        "support": 90
    },
    "phone": {
        "precision": 0.9,
        "recall": 0.4090909090909091,
        "f1-score": 0.5625000000000001,
        "support": 88
    },
    "printer": {
        "precision": 0.6704545454545454,
        "recall": 0.6210526315789474,
        "f1-score": 0.6448087431693988,
        "support": 95
    },
    "projector": {
        "precision": 0.5620437956204379,
        "recall": 0.8279569892473119,
        "f1-score": 0.6695652173913044,
        "support": 93
    },
    "punchers": {
        "precision": 0.7647058823529411,
        "recall": 0.13978494623655913,
        "f1-score": 0.23636363636363633,
        "support": 93
    },
    "ring_binder": {
        "precision": 0.8947368421052632,
        "recall": 0.2,
        "f1-score": 0.3269230769230769,
        "support": 85
    },
    "ruler": {
        "precision": 0.7959183673469388,
        "recall": 0.5571428571428572,
        "f1-score": 0.6554621848739496,
        "support": 70
    },
    "scissors": {
        "precision": 0.5967741935483871,
        "recall": 0.3894736842105263,
        "f1-score": 0.4713375796178344,
        "support": 95
    },
    "speaker": {
        "precision": 0.46296296296296297,
        "recall": 0.5319148936170213,
        "f1-score": 0.495049504950495,
        "support": 94
    },
    "stapler": {
        "precision": 0.4956521739130435,
        "recall": 0.6063829787234043,
        "f1-score": 0.5454545454545454,
        "support": 94
    },
    "tape_dispenser": {
        "precision": 0.45555555555555555,
        "recall": 0.45054945054945056,
        "f1-score": 0.4530386740331492,
        "support": 91
    },
    "trash_can": {
        "precision": 0.4,
        "recall": 0.2033898305084746,
        "f1-score": 0.2696629213483146,
        "support": 59
    },
    "accuracy": 0.6412471825694966,
    "macro avg": {
        "precision": 0.6597067086373807,
        "recall": 0.6405441126113401,
        "f1-score": 0.6145966848743589,
        "support": 2662
    },
    "weighted avg": {
        "precision": 0.6684379518642761,
        "recall": 0.6412471825694966,
        "f1-score": 0.6202480842803947,
        "support": 2662
    }
}