{
    "back_pack": {
        "precision": 0.84375,
        "recall": 0.9310344827586207,
        "f1-score": 0.8852459016393444,
        "support": 87
    },
    "bike": {
        "precision": 0.974025974025974,
        "recall": 0.974025974025974,
        "f1-score": 0.974025974025974,
        "support": 77
    },
    "bike_helmet": {
        "precision": 0.7894736842105263,
        "recall": 0.8955223880597015,
        "f1-score": 0.8391608391608391,
        "support": 67
    },
    "bookcase": {
        "precision": 0.6407766990291263,
        "recall": 0.8571428571428571,
        "f1-score": 0.7333333333333333,
        "support": 77
    },
    "bottle": {
        "precision": 0.3088235294117647,
        "recall": 0.6774193548387096,
        "f1-score": 0.42424242424242425,
        "support": 31
    },
    "calculator": {
        "precision": 0.7033898305084746,
        "recall": 0.9325842696629213,
        "f1-score": 0.8019323671497584,
        "support": 89
    },
    "desk_chair": {
        "precision": 0.872093023255814,
        "recall": 0.872093023255814,
        "f1-score": 0.872093023255814,
        "support": 86
    },
    "desk_lamp": {
        "precision": 0.9487179487179487,
        "recall": 0.40217391304347827,
        "f1-score": 0.564885496183206,
        "support": 92
    },
    "desktop_computer": {
        "precision": 0.4,
        "recall": 0.30434782608695654,
        "f1-score": 0.34567901234567905,
        "support": 92
    },
    "file_cabinet": {
        "precision": 0.5192307692307693,
        "recall": 0.7105263157894737,
        "f1-score": 0.6,
        "support": 76
    },
    "headphones": {
        "precision": 0.8041237113402062,
        "recall": 0.8297872340425532,
        "f1-score": 0.8167539267015708,
        "support": 94
    },
    "keyboard": {
        "precision": 0.7830188679245284,
        "recall": 0.8736842105263158,
        "f1-score": 0.8258706467661692,
        "support": 95
    },
    "laptop_computer": {
        "precision": 0.6595744680851063,
        "recall": 0.9789473684210527,
        "f1-score": 0.788135593220339,
        "support": 95
    },
    "letter_tray": {
        "precision": 0.6551724137931034,
        "recall": 0.40860215053763443,
        "f1-score": 0.5033112582781456,
        "support": 93
    },
    "mobile_phone": {
        "precision": 0.6984126984126984,
        "recall": 0.9263157894736842,
        "f1-score": 0.7963800904977376,
        "support": 95
    },
    "monitor": {
        "precision": 0.6299212598425197,
        "recall": 0.851063829787234,
        "f1-score": 0.7239819004524887,
        "support": 94
    },
    "mouse": {
        "precision": 0.6041666666666666,
        "recall": 0.9157894736842105,
        "f1-score": 0.7280334728033472,
        "support": 95
    },
    "mug": {
        "precision": 0.85,
        "recall": 0.7640449438202247,
        "f1-score": 0.8047337278106509,
        "support": 89
    },
    "paper_notebook": {
        "precision": 0.5,
        "recall": 0.8021978021978022,
        "f1-score": 0.6160337552742616,
        "support": 91
    },
    "pen": {
        "precision": 0.68,
        "recall": 0.5666666666666667,
        "f1-score": 0.6181818181818183,
        "support": 90
    },
    "phone": {
        "precision": 0.9672131147540983,
        "recall": 0.6704545454545454,
        "f1-score": 0.7919463087248322,
        "support": 88
    },
    "printer": {
        "precision": 0.8507462686567164,
        "recall": 0.6,
        "f1-score": 0.7037037037037036,
        "support": 95
    },
    "projector": {
        "precision": 0.8068181818181818,
        "recall": 0.7634408602150538,
        "f1-score": 0.7845303867403314,
        "support": 93
    },
    "punchers": {
        "precision": 0.75,
        "recall": 0.1935483870967742,
        "f1-score": 0.30769230769230765,
        "support": 93
    },
    "ring_binder": {
        "precision": 0.7777777777777778,
        "recall": 0.24705882352941178,
        "f1-score": 0.37500000000000006,
        "support": 85
    },
    "ruler": {
        "precision": 0.7058823529411765,
        "recall": 0.5142857142857142,
        "f1-score": 0.5950413223140495,
        "support": 70
    },
    "scissors": {
        "precision": 0.5054945054945055,
        "recall": 0.4842105263157895,
        "f1-score": 0.49462365591397855,
        "support": 95
    },
    "speaker": {
        "precision": 0.7,
        "recall": 0.22340425531914893,
        "f1-score": 0.3387096774193548,
        "support": 94
    },
    "stapler": {
        "precision": 0.36129032258064514,
        "recall": 0.5957446808510638,
        "f1-score": 0.4497991967871486,
        "support": 94
    },
    "tape_dispenser": {
        "precision": 0.41,
        "recall": 0.45054945054945056,
        "f1-score": 0.4293193717277487,
        "support": 91
    },
    "trash_can": {
        "precision": 0.8709677419354839,
        "recall": 0.4576271186440678,
        "f1-score": 0.6,
        "support": 59
    },
    "accuracy": 0.6656649135987979,
    "macro avg": {
        "precision": 0.6958342519488326,
        "recall": 0.666912717292997,
        "f1-score": 0.6494316287853664,
        "support": 2662
    },
    "weighted avg": {
        "precision": 0.6998329288433253,
        "recall": 0.6656649135987979,
        "f1-score": 0.6513639649323918,
        "support": 2662
    }
}