{
    "back_pack": {
        "precision": 0.9146341463414634,
        "recall": 0.8620689655172413,
        "f1-score": 0.8875739644970414,
        "support": 87
    },
    "bike": {
        "precision": 0.8941176470588236,
        "recall": 0.987012987012987,
        "f1-score": 0.9382716049382716,
        "support": 77
    },
    "bike_helmet": {
        "precision": 0.8870967741935484,
        "recall": 0.8208955223880597,
        "f1-score": 0.8527131782945736,
        "support": 67
    },
    "bookcase": {
        "precision": 0.4198473282442748,
        "recall": 0.7142857142857143,
        "f1-score": 0.5288461538461537,
        "support": 77
    },
    "bottle": {
        "precision": 0.475,
        "recall": 0.6129032258064516,
        "f1-score": 0.5352112676056339,
        "support": 31
    },
    "calculator": {
        "precision": 0.656,
        "recall": 0.9213483146067416,
        "f1-score": 0.7663551401869159,
        "support": 89
    },
    "desk_chair": {
        "precision": 0.891566265060241,
        "recall": 0.8604651162790697,
        "f1-score": 0.8757396449704141,
        "support": 86
    },
    "desk_lamp": {
        "precision": 0.8870967741935484,
        "recall": 0.5978260869565217,
        "f1-score": 0.7142857142857144,
        "support": 92
    },
    "desktop_computer": {
        "precision": 0.13513513513513514,
        "recall": 0.05434782608695652,
        "f1-score": 0.07751937984496124,
        "support": 92
    },
    "file_cabinet": {
        "precision": 0.569620253164557,
        "recall": 0.5921052631578947,
        "f1-score": 0.5806451612903226,
        "support": 76
    },
    "headphones": {
        "precision": 0.8478260869565217,
        "recall": 0.8297872340425532,
        "f1-score": 0.8387096774193549,
        "support": 94
    },
    "keyboard": {
        "precision": 0.9195402298850575,
        "recall": 0.8421052631578947,
        "f1-score": 0.879120879120879,
        "support": 95
    },
    "laptop_computer": {
        "precision": 0.6124031007751938,
        "recall": 0.8315789473684211,
        "f1-score": 0.7053571428571428,
        "support": 95
    },
    "letter_tray": {
        "precision": 0.6506024096385542,
        "recall": 0.5806451612903226,
        "f1-score": 0.6136363636363636,
        "support": 93
    },
    "mobile_phone": {
        "precision": 0.5815602836879432,
        "recall": 0.8631578947368421,
        "f1-score": 0.6949152542372881,
        "support": 95
    },
    "monitor": {
        "precision": 0.8352941176470589,
        "recall": 0.7553191489361702,
        "f1-score": 0.7932960893854748,
        "support": 94
    },
    "mouse": {
        "precision": 0.6377952755905512,
        "recall": 0.8526315789473684,
        "f1-score": 0.7297297297297297,
        "support": 95
    },
    "mug": {
        "precision": 0.7948717948717948,
        "recall": 0.6966292134831461,
        "f1-score": 0.7425149700598802,
        "support": 89
    },
    "paper_notebook": {
        "precision": 0.3179916317991632,
        "recall": 0.8351648351648352,
        "f1-score": 0.4606060606060606,
        "support": 91
    },
    "pen": {
        "precision": 0.6785714285714286,
        "recall": 0.4222222222222222,
        "f1-score": 0.5205479452054794,
        "support": 90
    },
    "phone": {
        "precision": 0.8444444444444444,
        "recall": 0.4318181818181818,
        "f1-score": 0.5714285714285715,
        "support": 88
    },
    "printer": {
        "precision": 0.7794117647058824,
        "recall": 0.5578947368421052,
        "f1-score": 0.6503067484662577,
        "support": 95
    },
    "projector": {
        "precision": 0.7156862745098039,
        "recall": 0.7849462365591398,
        "f1-score": 0.7487179487179487,
        "support": 93
    },
    "punchers": {
        "precision": 0.336283185840708,
        "recall": 0.40860215053763443,
        "f1-score": 0.36893203883495146,
        "support": 93
    },
    "ring_binder": {
        "precision": 0.5454545454545454,
        "recall": 0.35294117647058826,
        "f1-score": 0.42857142857142855,
        "support": 85
    },
    "ruler": {
        "precision": 0.8979591836734694,
        "recall": 0.6285714285714286,
        "f1-score": 0.7394957983193275,
        "support": 70
    },
    "scissors": {
        "precision": 0.5303030303030303,
        "recall": 0.3684210526315789,
        "f1-score": 0.4347826086956521,
        "support": 95
    },
    "speaker": {
        "precision": 0.40816326530612246,
        "recall": 0.2127659574468085,
        "f1-score": 0.27972027972027974,
        "support": 94
    },
    "stapler": {
        "precision": 0.29411764705882354,
        "recall": 0.26595744680851063,
        "f1-score": 0.27932960893854747,
        "support": 94
    },
    "tape_dispenser": {
        "precision": 0.38095238095238093,
        "recall": 0.3516483516483517,
        "f1-score": 0.3657142857142857,
        "support": 91
    },
    "trash_can": {
        "precision": 0.2558139534883721,
        "recall": 0.1864406779661017,
        "f1-score": 0.21568627450980393,
        "support": 59
    },
    "accuracy": 0.6164537941397445,
    "macro avg": {
        "precision": 0.6321019470500786,
        "recall": 0.615564771572511,
        "f1-score": 0.6070413198043454,
        "support": 2662
    },
    "weighted avg": {
        "precision": 0.6347525009136383,
        "recall": 0.6164537941397445,
        "f1-score": 0.6084359391143382,
        "support": 2662
    }
}