{
    "back_pack": {
        "precision": 0.875,
        "recall": 1.0,
        "f1-score": 0.9333333333333333,
        "support": 7
    },
    "bike": {
        "precision": 1.0,
        "recall": 1.0,
        "f1-score": 1.0,
        "support": 16
    },
    "bike_helmet": {
        "precision": 0.9473684210526315,
        "recall": 0.9473684210526315,
        "f1-score": 0.9473684210526315,
        "support": 19
    },
    "bookcase": {
        "precision": 1.0,
        "recall": 1.0,
        "f1-score": 1.0,
        "support": 7
    },
    "bottle": {
        "precision": 1.0,
        "recall": 1.0,
        "f1-score": 1.0,
        "support": 11
    },
    "calculator": {
        "precision": 1.0,
        "recall": 0.8571428571428571,
        "f1-score": 0.923076923076923,
        "support": 7
    },
    "desk_chair": {
        "precision": 1.0,
        "recall": 1.0,
        "f1-score": 1.0,
        "support": 8
    },
    "desk_lamp": {
        "precision": 0.6,
        "recall": 1.0,
        "f1-score": 0.7499999999999999,
        "support": 9
    },
    "desktop_computer": {
        "precision": 0.5,
        "recall": 0.7,
        "f1-score": 0.5833333333333334,
        "support": 10
    },
    "file_cabinet": {
        "precision": 0.8333333333333334,
        "recall": 1.0,
        "f1-score": 0.9090909090909091,
        "support": 10
    },
    "headphones": {
        "precision": 0.8888888888888888,
        "recall": 1.0,
        "f1-score": 0.9411764705882353,
        "support": 8
    },
    "keyboard": {
        "precision": 0.8333333333333334,
        "recall": 1.0,
        "f1-score": 0.9090909090909091,
        "support": 5
    },
    "laptop_computer": {
        "precision": 1.0,
        "recall": 0.7368421052631579,
        "f1-score": 0.8484848484848484,
        "support": 19
    },
    "letter_tray": {
        "precision": 0.7333333333333333,
        "recall": 1.0,
        "f1-score": 0.846153846153846,
        "support": 11
    },
    "mobile_phone": {
        "precision": 1.0,
        "recall": 0.46153846153846156,
        "f1-score": 0.631578947368421,
        "support": 26
    },
    "monitor": {
        "precision": 1.0,
        "recall": 0.5294117647058824,
        "f1-score": 0.6923076923076924,
        "support": 17
    },
    "mouse": {
        "precision": 1.0,
        "recall": 0.7142857142857143,
        "f1-score": 0.8333333333333333,
        "support": 7
    },
    "mug": {
        "precision": 1.0,
        "recall": 1.0,
        "f1-score": 1.0,
        "support": 3
    },
    "paper_notebook": {
        "precision": 0.5,
        "recall": 1.0,
        "f1-score": 0.6666666666666666,
        "support": 5
    },
    "pen": {
        "precision": 0.75,
        "recall": 0.6,
        "f1-score": 0.6666666666666665,
        "support": 5
    },
    "phone": {
        "precision": 1.0,
        "recall": 0.875,
        "f1-score": 0.9333333333333333,
        "support": 8
    },
    "printer": {
        "precision": 0.9,
        "recall": 0.9,
        "f1-score": 0.9,
        "support": 10
    },
    "projector": {
        "precision": 0.5882352941176471,
        "recall": 0.5555555555555556,
        "f1-score": 0.5714285714285715,
        "support": 18
    },
    "punchers": {
        "precision": 0.5294117647058824,
        "recall": 0.6923076923076923,
        "f1-score": 0.5999999999999999,
        "support": 13
    },
    "ring_binder": {
        "precision": 0.6666666666666666,
        "recall": 0.8,
        "f1-score": 0.7272727272727272,
        "support": 5
    },
    "ruler": {
        "precision": 1.0,
        "recall": 1.0,
        "f1-score": 1.0,
        "support": 2
    },
    "scissors": {
        "precision": 1.0,
        "recall": 0.9230769230769231,
        "f1-score": 0.9600000000000001,
        "support": 13
    },
    "speaker": {
        "precision": 0.9473684210526315,
        "recall": 0.8571428571428571,
        "f1-score": 0.9,
        "support": 21
    },
    "stapler": {
        "precision": 0.48148148148148145,
        "recall": 0.8125,
        "f1-score": 0.6046511627906976,
        "support": 16
    },
    "tape_dispenser": {
        "precision": 0.9285714285714286,
        "recall": 0.7647058823529411,
        "f1-score": 0.8387096774193549,
        "support": 17
    },
    "trash_can": {
        "precision": 1.0,
        "recall": 0.9,
        "f1-score": 0.9473684210526316,
        "support": 10
    },
    "accuracy": 0.8163265306122449,
    "macro avg": {
        "precision": 0.854935237630234,
        "recall": 0.8589315559491831,
        "f1-score": 0.8407879417369376,
        "support": 343
    },
    "weighted avg": {
        "precision": 0.8619266885653891,
        "recall": 0.8163265306122449,
        "f1-score": 0.8187699133499704,
        "support": 343
    }
}