{
    "back_pack": {
        "precision": 0.9125,
        "recall": 0.8390804597701149,
        "f1-score": 0.8742514970059879,
        "support": 87
    },
    "bike": {
        "precision": 0.9866666666666667,
        "recall": 0.961038961038961,
        "f1-score": 0.9736842105263157,
        "support": 77
    },
    "bike_helmet": {
        "precision": 0.8382352941176471,
        "recall": 0.8507462686567164,
        "f1-score": 0.8444444444444444,
        "support": 67
    },
    "bookcase": {
        "precision": 0.9032258064516129,
        "recall": 0.7272727272727273,
        "f1-score": 0.8057553956834532,
        "support": 77
    },
    "bottle": {
        "precision": 0.3877551020408163,
        "recall": 0.6129032258064516,
        "f1-score": 0.4749999999999999,
        "support": 31
    },
    "calculator": {
        "precision": 0.7207207207207207,
        "recall": 0.898876404494382,
        "f1-score": 0.7999999999999999,
        "support": 89
    },
    "desk_chair": {
        "precision": 0.922077922077922,
        "recall": 0.8255813953488372,
        "f1-score": 0.8711656441717791,
        "support": 86
    },
    "desk_lamp": {
        "precision": 0.7605633802816901,
        "recall": 0.5869565217391305,
        "f1-score": 0.6625766871165645,
        "support": 92
    },
    "desktop_computer": {
        "precision": 0.2545454545454545,
        "recall": 0.45652173913043476,
        "f1-score": 0.32684824902723736,
        "support": 92
    },
    "file_cabinet": {
        "precision": 0.6333333333333333,
        "recall": 0.5,
        "f1-score": 0.5588235294117647,
        "support": 76
    },
    "headphones": {
        "precision": 0.7387387387387387,
        "recall": 0.8723404255319149,
        "f1-score": 0.8,
        "support": 94
    },
    "keyboard": {
        "precision": 0.8556701030927835,
        "recall": 0.8736842105263158,
        "f1-score": 0.8645833333333334,
        "support": 95
    },
    "laptop_computer": {
        "precision": 0.7394957983193278,
        "recall": 0.9263157894736842,
        "f1-score": 0.822429906542056,
        "support": 95
    },
    "letter_tray": {
        "precision": 0.8333333333333334,
        "recall": 0.3225806451612903,
        "f1-score": 0.4651162790697674,
        "support": 93
    },
    "mobile_phone": {
        "precision": 0.6893939393939394,
        "recall": 0.9578947368421052,
        "f1-score": 0.801762114537445,
        "support": 95
    },
    "monitor": {
        "precision": 0.6699029126213593,
        "recall": 0.7340425531914894,
        "f1-score": 0.7005076142131981,
        "support": 94
    },
    "mouse": {
        "precision": 0.7345132743362832,
        "recall": 0.8736842105263158,
        "f1-score": 0.798076923076923,
        "support": 95
    },
    "mug": {
        "precision": 0.7313432835820896,
        "recall": 0.550561797752809,
        "f1-score": 0.6282051282051283,
        "support": 89
    },
    "paper_notebook": {
        "precision": 0.3743016759776536,
        "recall": 0.7362637362637363,
        "f1-score": 0.49629629629629635,
        "support": 91
    },
    "pen": {
        "precision": 0.6,
        "recall": 0.6,
        "f1-score": 0.6,
        "support": 90
    },
    "phone": {
        "precision": 0.935064935064935,
        "recall": 0.8181818181818182,
        "f1-score": 0.8727272727272728,
        "support": 88
    },
    "printer": {
        "precision": 0.8333333333333334,
        "recall": 0.5789473684210527,
        "f1-score": 0.6832298136645962,
        "support": 95
    },
    "projector": {
        "precision": 0.9117647058823529,
        "recall": 0.6666666666666666,
        "f1-score": 0.7701863354037267,
        "support": 93
    },
    "punchers": {
        "precision": 0.32,
        "recall": 0.34408602150537637,
        "f1-score": 0.3316062176165804,
        "support": 93
    },
    "ring_binder": {
        "precision": 0.4166666666666667,
        "recall": 0.5882352941176471,
        "f1-score": 0.48780487804878053,
        "support": 85
    },
    "ruler": {
        "precision": 0.8076923076923077,
        "recall": 0.6,
        "f1-score": 0.6885245901639345,
        "support": 70
    },
    "scissors": {
        "precision": 0.5301204819277109,
        "recall": 0.4631578947368421,
        "f1-score": 0.49438202247191015,
        "support": 95
    },
    "speaker": {
        "precision": 0.5405405405405406,
        "recall": 0.2127659574468085,
        "f1-score": 0.3053435114503817,
        "support": 94
    },
    "stapler": {
        "precision": 0.44871794871794873,
        "recall": 0.3723404255319149,
        "f1-score": 0.4069767441860465,
        "support": 94
    },
    "tape_dispenser": {
        "precision": 0.47619047619047616,
        "recall": 0.21978021978021978,
        "f1-score": 0.3007518796992481,
        "support": 91
    },
    "trash_can": {
        "precision": 0.32432432432432434,
        "recall": 0.4067796610169492,
        "f1-score": 0.3609022556390977,
        "support": 59
    },
    "accuracy": 0.6446280991735537,
    "macro avg": {
        "precision": 0.6719591116119988,
        "recall": 0.644428617288152,
        "f1-score": 0.6410310572172021,
        "support": 2662
    },
    "weighted avg": {
        "precision": 0.6768274567412252,
        "recall": 0.6446280991735537,
        "f1-score": 0.6431423278939385,
        "support": 2662
    }
}