{
    "back_pack": {
        "precision": 0.92,
        "recall": 0.9583333333333334,
        "f1-score": 0.9387755102040817,
        "support": 24
    },
    "bike": {
        "precision": 1.0,
        "recall": 1.0,
        "f1-score": 1.0,
        "support": 16
    },
    "bike_helmet": {
        "precision": 0.9130434782608695,
        "recall": 0.9130434782608695,
        "f1-score": 0.9130434782608695,
        "support": 23
    },
    "bookcase": {
        "precision": 0.875,
        "recall": 1.0,
        "f1-score": 0.9333333333333333,
        "support": 7
    },
    "bottle": {
        "precision": 1.0,
        "recall": 1.0,
        "f1-score": 1.0,
        "support": 11
    },
    "calculator": {
        "precision": 0.8846153846153846,
        "recall": 0.8846153846153846,
        "f1-score": 0.8846153846153846,
        "support": 26
    },
    "desk_chair": {
        "precision": 1.0,
        "recall": 1.0,
        "f1-score": 1.0,
        "support": 35
    },
    "desk_lamp": {
        "precision": 0.7058823529411765,
        "recall": 0.9230769230769231,
        "f1-score": 0.8000000000000002,
        "support": 13
    },
    "desktop_computer": {
        "precision": 0.8571428571428571,
        "recall": 0.75,
        "f1-score": 0.7999999999999999,
        "support": 16
    },
    "file_cabinet": {
        "precision": 0.8235294117647058,
        "recall": 1.0,
        "f1-score": 0.9032258064516129,
        "support": 14
    },
    "headphones": {
        "precision": 1.0,
        "recall": 1.0,
        "f1-score": 1.0,
        "support": 22
    },
    "keyboard": {
        "precision": 0.84,
        "recall": 0.9545454545454546,
        "f1-score": 0.8936170212765958,
        "support": 22
    },
    "laptop_computer": {
        "precision": 0.9166666666666666,
        "recall": 0.88,
        "f1-score": 0.8979591836734694,
        "support": 25
    },
    "letter_tray": {
        "precision": 0.5454545454545454,
        "recall": 0.8571428571428571,
        "f1-score": 0.6666666666666665,
        "support": 14
    },
    "mobile_phone": {
        "precision": 1.0,
        "recall": 0.08,
        "f1-score": 0.14814814814814814,
        "support": 25
    },
    "monitor": {
        "precision": 1.0,
        "recall": 0.6052631578947368,
        "f1-score": 0.7540983606557378,
        "support": 38
    },
    "mouse": {
        "precision": 0.7058823529411765,
        "recall": 0.96,
        "f1-score": 0.8135593220338982,
        "support": 25
    },
    "mug": {
        "precision": 0.9047619047619048,
        "recall": 0.8636363636363636,
        "f1-score": 0.8837209302325582,
        "support": 22
    },
    "paper_notebook": {
        "precision": 0.5555555555555556,
        "recall": 0.8695652173913043,
        "f1-score": 0.6779661016949152,
        "support": 23
    },
    "pen": {
        "precision": 0.9285714285714286,
        "recall": 0.9629629629629629,
        "f1-score": 0.9454545454545454,
        "support": 27
    },
    "phone": {
        "precision": 1.0,
        "recall": 0.9090909090909091,
        "f1-score": 0.9523809523809523,
        "support": 11
    },
    "printer": {
        "precision": 0.8461538461538461,
        "recall": 0.7333333333333333,
        "f1-score": 0.7857142857142856,
        "support": 15
    },
    "projector": {
        "precision": 0.7083333333333334,
        "recall": 0.68,
        "f1-score": 0.6938775510204083,
        "support": 25
    },
    "punchers": {
        "precision": 0.8571428571428571,
        "recall": 0.5454545454545454,
        "f1-score": 0.6666666666666665,
        "support": 22
    },
    "ring_binder": {
        "precision": 0.7647058823529411,
        "recall": 0.7428571428571429,
        "f1-score": 0.7536231884057971,
        "support": 35
    },
    "ruler": {
        "precision": 0.6666666666666666,
        "recall": 0.6666666666666666,
        "f1-score": 0.6666666666666666,
        "support": 6
    },
    "scissors": {
        "precision": 0.8333333333333334,
        "recall": 1.0,
        "f1-score": 0.9090909090909091,
        "support": 20
    },
    "speaker": {
        "precision": 0.7,
        "recall": 0.84,
        "f1-score": 0.7636363636363636,
        "support": 25
    },
    "stapler": {
        "precision": 0.6842105263157895,
        "recall": 0.6842105263157895,
        "f1-score": 0.6842105263157895,
        "support": 19
    },
    "tape_dispenser": {
        "precision": 0.6206896551724138,
        "recall": 1.0,
        "f1-score": 0.7659574468085107,
        "support": 18
    },
    "trash_can": {
        "precision": 0.875,
        "recall": 0.4375,
        "f1-score": 0.5833333333333334,
        "support": 16
    },
    "accuracy": 0.81875,
    "macro avg": {
        "precision": 0.8365271625531437,
        "recall": 0.8290741373089865,
        "f1-score": 0.8090110220239194,
        "support": 640
    },
    "weighted avg": {
        "precision": 0.8459699932385341,
        "recall": 0.81875,
        "f1-score": 0.8057146698430445,
        "support": 640
    }
}