{
    "back_pack": {
        "precision": 0.8526315789473684,
        "recall": 0.9310344827586207,
        "f1-score": 0.8901098901098902,
        "support": 87
    },
    "bike": {
        "precision": 0.9615384615384616,
        "recall": 0.974025974025974,
        "f1-score": 0.967741935483871,
        "support": 77
    },
    "bike_helmet": {
        "precision": 0.9,
        "recall": 0.9402985074626866,
        "f1-score": 0.9197080291970803,
        "support": 67
    },
    "bookcase": {
        "precision": 0.6881720430107527,
        "recall": 0.8311688311688312,
        "f1-score": 0.7529411764705883,
        "support": 77
    },
    "bottle": {
        "precision": 0.4090909090909091,
        "recall": 0.5806451612903226,
        "f1-score": 0.4800000000000001,
        "support": 31
    },
    "calculator": {
        "precision": 0.9,
        "recall": 0.8089887640449438,
        "f1-score": 0.8520710059171598,
        "support": 89
    },
    "desk_chair": {
        "precision": 0.9696969696969697,
        "recall": 0.7441860465116279,
        "f1-score": 0.8421052631578948,
        "support": 86
    },
    "desk_lamp": {
        "precision": 0.6190476190476191,
        "recall": 0.7065217391304348,
        "f1-score": 0.6598984771573604,
        "support": 92
    },
    "desktop_computer": {
        "precision": 0.4230769230769231,
        "recall": 0.4782608695652174,
        "f1-score": 0.44897959183673475,
        "support": 92
    },
    "file_cabinet": {
        "precision": 0.6410256410256411,
        "recall": 0.6578947368421053,
        "f1-score": 0.6493506493506495,
        "support": 76
    },
    "headphones": {
        "precision": 0.69,
        "recall": 0.7340425531914894,
        "f1-score": 0.711340206185567,
        "support": 94
    },
    "keyboard": {
        "precision": 0.7757009345794392,
        "recall": 0.8736842105263158,
        "f1-score": 0.8217821782178217,
        "support": 95
    },
    "laptop_computer": {
        "precision": 0.7663551401869159,
        "recall": 0.8631578947368421,
        "f1-score": 0.8118811881188119,
        "support": 95
    },
    "letter_tray": {
        "precision": 0.6875,
        "recall": 0.7096774193548387,
        "f1-score": 0.6984126984126984,
        "support": 93
    },
    "mobile_phone": {
        "precision": 0.8085106382978723,
        "recall": 0.8,
        "f1-score": 0.8042328042328043,
        "support": 95
    },
    "monitor": {
        "precision": 0.7631578947368421,
        "recall": 0.925531914893617,
        "f1-score": 0.8365384615384615,
        "support": 94
    },
    "mouse": {
        "precision": 0.8478260869565217,
        "recall": 0.8210526315789474,
        "f1-score": 0.8342245989304813,
        "support": 95
    },
    "mug": {
        "precision": 0.6979166666666666,
        "recall": 0.7528089887640449,
        "f1-score": 0.7243243243243243,
        "support": 89
    },
    "paper_notebook": {
        "precision": 0.3958333333333333,
        "recall": 0.6263736263736264,
        "f1-score": 0.4851063829787234,
        "support": 91
    },
    "pen": {
        "precision": 0.5172413793103449,
        "recall": 0.3333333333333333,
        "f1-score": 0.4054054054054054,
        "support": 90
    },
    "phone": {
        "precision": 0.8852459016393442,
        "recall": 0.6136363636363636,
        "f1-score": 0.7248322147651006,
        "support": 88
    },
    "printer": {
        "precision": 0.7888888888888889,
        "recall": 0.7473684210526316,
        "f1-score": 0.7675675675675675,
        "support": 95
    },
    "projector": {
        "precision": 0.8571428571428571,
        "recall": 0.7741935483870968,
        "f1-score": 0.8135593220338982,
        "support": 93
    },
    "punchers": {
        "precision": 0.41379310344827586,
        "recall": 0.25806451612903225,
        "f1-score": 0.31788079470198677,
        "support": 93
    },
    "ring_binder": {
        "precision": 0.3565217391304348,
        "recall": 0.4823529411764706,
        "f1-score": 0.41000000000000003,
        "support": 85
    },
    "ruler": {
        "precision": 0.5679012345679012,
        "recall": 0.6571428571428571,
        "f1-score": 0.6092715231788078,
        "support": 70
    },
    "scissors": {
        "precision": 0.43820224719101125,
        "recall": 0.4105263157894737,
        "f1-score": 0.42391304347826086,
        "support": 95
    },
    "speaker": {
        "precision": 0.5333333333333333,
        "recall": 0.3404255319148936,
        "f1-score": 0.41558441558441556,
        "support": 94
    },
    "stapler": {
        "precision": 0.325,
        "recall": 0.5531914893617021,
        "f1-score": 0.4094488188976378,
        "support": 94
    },
    "tape_dispenser": {
        "precision": 0.75,
        "recall": 0.23076923076923078,
        "f1-score": 0.3529411764705882,
        "support": 91
    },
    "trash_can": {
        "precision": 0.5333333333333333,
        "recall": 0.13559322033898305,
        "f1-score": 0.21621621621621623,
        "support": 59
    },
    "accuracy": 0.6577761081893313,
    "macro avg": {
        "precision": 0.6697962857476762,
        "recall": 0.6547081329436308,
        "f1-score": 0.6470119148361552,
        "support": 2662
    },
    "weighted avg": {
        "precision": 0.674107586458443,
        "recall": 0.6577761081893313,
        "f1-score": 0.6516086555899501,
        "support": 2662
    }
}