{
    "back_pack": {
        "precision": 0.7722772277227723,
        "recall": 0.896551724137931,
        "f1-score": 0.8297872340425532,
        "support": 87
    },
    "bike": {
        "precision": 0.9736842105263158,
        "recall": 0.961038961038961,
        "f1-score": 0.9673202614379085,
        "support": 77
    },
    "bike_helmet": {
        "precision": 0.7792207792207793,
        "recall": 0.8955223880597015,
        "f1-score": 0.8333333333333334,
        "support": 67
    },
    "bookcase": {
        "precision": 0.6407766990291263,
        "recall": 0.8571428571428571,
        "f1-score": 0.7333333333333333,
        "support": 77
    },
    "bottle": {
        "precision": 0.4444444444444444,
        "recall": 0.6451612903225806,
        "f1-score": 0.5263157894736842,
        "support": 31
    },
    "calculator": {
        "precision": 0.5899280575539568,
        "recall": 0.9213483146067416,
        "f1-score": 0.7192982456140352,
        "support": 89
    },
    "desk_chair": {
        "precision": 0.875,
        "recall": 0.813953488372093,
        "f1-score": 0.8433734939759036,
        "support": 86
    },
    "desk_lamp": {
        "precision": 0.84375,
        "recall": 0.5869565217391305,
        "f1-score": 0.6923076923076924,
        "support": 92
    },
    "desktop_computer": {
        "precision": 0.32075471698113206,
        "recall": 0.18478260869565216,
        "f1-score": 0.23448275862068962,
        "support": 92
    },
    "file_cabinet": {
        "precision": 0.5797101449275363,
        "recall": 0.5263157894736842,
        "f1-score": 0.5517241379310345,
        "support": 76
    },
    "headphones": {
        "precision": 0.6759259259259259,
        "recall": 0.776595744680851,
        "f1-score": 0.7227722772277227,
        "support": 94
    },
    "keyboard": {
        "precision": 0.7870370370370371,
        "recall": 0.8947368421052632,
        "f1-score": 0.8374384236453202,
        "support": 95
    },
    "laptop_computer": {
        "precision": 0.582089552238806,
        "recall": 0.8210526315789474,
        "f1-score": 0.6812227074235808,
        "support": 95
    },
    "letter_tray": {
        "precision": 0.6086956521739131,
        "recall": 0.6021505376344086,
        "f1-score": 0.6054054054054054,
        "support": 93
    },
    "mobile_phone": {
        "precision": 0.5735294117647058,
        "recall": 0.8210526315789474,
        "f1-score": 0.6753246753246752,
        "support": 95
    },
    "monitor": {
        "precision": 0.6974789915966386,
        "recall": 0.8829787234042553,
        "f1-score": 0.7793427230046948,
        "support": 94
    },
    "mouse": {
        "precision": 0.6428571428571429,
        "recall": 0.8526315789473684,
        "f1-score": 0.733031674208145,
        "support": 95
    },
    "mug": {
        "precision": 0.7837837837837838,
        "recall": 0.651685393258427,
        "f1-score": 0.7116564417177914,
        "support": 89
    },
    "paper_notebook": {
        "precision": 0.4647887323943662,
        "recall": 0.3626373626373626,
        "f1-score": 0.4074074074074074,
        "support": 91
    },
    "pen": {
        "precision": 0.6521739130434783,
        "recall": 0.5,
        "f1-score": 0.5660377358490566,
        "support": 90
    },
    "phone": {
        "precision": 0.6428571428571429,
        "recall": 0.20454545454545456,
        "f1-score": 0.31034482758620696,
        "support": 88
    },
    "printer": {
        "precision": 0.6630434782608695,
        "recall": 0.6421052631578947,
        "f1-score": 0.6524064171122995,
        "support": 95
    },
    "projector": {
        "precision": 0.5595238095238095,
        "recall": 0.5053763440860215,
        "f1-score": 0.5310734463276836,
        "support": 93
    },
    "punchers": {
        "precision": 0.4444444444444444,
        "recall": 0.34408602150537637,
        "f1-score": 0.3878787878787879,
        "support": 93
    },
    "ring_binder": {
        "precision": 0.4036697247706422,
        "recall": 0.5176470588235295,
        "f1-score": 0.4536082474226804,
        "support": 85
    },
    "ruler": {
        "precision": 0.8235294117647058,
        "recall": 0.6,
        "f1-score": 0.6942148760330579,
        "support": 70
    },
    "scissors": {
        "precision": 0.5064935064935064,
        "recall": 0.4105263157894737,
        "f1-score": 0.45348837209302323,
        "support": 95
    },
    "speaker": {
        "precision": 0.4745762711864407,
        "recall": 0.2978723404255319,
        "f1-score": 0.3660130718954248,
        "support": 94
    },
    "stapler": {
        "precision": 0.5483870967741935,
        "recall": 0.5425531914893617,
        "f1-score": 0.5454545454545454,
        "support": 94
    },
    "tape_dispenser": {
        "precision": 0.543859649122807,
        "recall": 0.34065934065934067,
        "f1-score": 0.41891891891891897,
        "support": 91
    },
    "trash_can": {
        "precision": 0.34375,
        "recall": 0.559322033898305,
        "f1-score": 0.4258064516129032,
        "support": 59
    },
    "accuracy": 0.6224643125469572,
    "macro avg": {
        "precision": 0.6207109986587231,
        "recall": 0.626418992057918,
        "f1-score": 0.6093588294715967,
        "support": 2662
    },
    "weighted avg": {
        "precision": 0.6226335014688441,
        "recall": 0.6224643125469572,
        "f1-score": 0.6085139874174131,
        "support": 2662
    }
}