{
    "back_pack": {
        "precision": 0.875,
        "recall": 1.0,
        "f1-score": 0.9333333333333333,
        "support": 7
    },
    "bike": {
        "precision": 1.0,
        "recall": 1.0,
        "f1-score": 1.0,
        "support": 16
    },
    "bike_helmet": {
        "precision": 0.95,
        "recall": 1.0,
        "f1-score": 0.9743589743589743,
        "support": 19
    },
    "bookcase": {
        "precision": 0.8571428571428571,
        "recall": 0.8571428571428571,
        "f1-score": 0.8571428571428571,
        "support": 7
    },
    "bottle": {
        "precision": 1.0,
        "recall": 1.0,
        "f1-score": 1.0,
        "support": 11
    },
    "calculator": {
        "precision": 1.0,
        "recall": 0.7142857142857143,
        "f1-score": 0.8333333333333333,
        "support": 7
    },
    "desk_chair": {
        "precision": 1.0,
        "recall": 1.0,
        "f1-score": 1.0,
        "support": 8
    },
    "desk_lamp": {
        "precision": 1.0,
        "recall": 1.0,
        "f1-score": 1.0,
        "support": 9
    },
    "desktop_computer": {
        "precision": 0.46153846153846156,
        "recall": 0.6,
        "f1-score": 0.5217391304347826,
        "support": 10
    },
    "file_cabinet": {
        "precision": 0.47368421052631576,
        "recall": 0.9,
        "f1-score": 0.6206896551724138,
        "support": 10
    },
    "headphones": {
        "precision": 1.0,
        "recall": 1.0,
        "f1-score": 1.0,
        "support": 8
    },
    "keyboard": {
        "precision": 0.7142857142857143,
        "recall": 1.0,
        "f1-score": 0.8333333333333333,
        "support": 5
    },
    "laptop_computer": {
        "precision": 0.9411764705882353,
        "recall": 0.8421052631578947,
        "f1-score": 0.8888888888888888,
        "support": 19
    },
    "letter_tray": {
        "precision": 0.8181818181818182,
        "recall": 0.8181818181818182,
        "f1-score": 0.8181818181818182,
        "support": 11
    },
    "mobile_phone": {
        "precision": 1.0,
        "recall": 0.3076923076923077,
        "f1-score": 0.47058823529411764,
        "support": 26
    },
    "monitor": {
        "precision": 0.9166666666666666,
        "recall": 0.6470588235294118,
        "f1-score": 0.7586206896551724,
        "support": 17
    },
    "mouse": {
        "precision": 1.0,
        "recall": 1.0,
        "f1-score": 1.0,
        "support": 7
    },
    "mug": {
        "precision": 0.75,
        "recall": 1.0,
        "f1-score": 0.8571428571428571,
        "support": 3
    },
    "paper_notebook": {
        "precision": 0.5555555555555556,
        "recall": 1.0,
        "f1-score": 0.7142857142857143,
        "support": 5
    },
    "pen": {
        "precision": 1.0,
        "recall": 0.8,
        "f1-score": 0.888888888888889,
        "support": 5
    },
    "phone": {
        "precision": 1.0,
        "recall": 0.875,
        "f1-score": 0.9333333333333333,
        "support": 8
    },
    "printer": {
        "precision": 0.6666666666666666,
        "recall": 0.6,
        "f1-score": 0.631578947368421,
        "support": 10
    },
    "projector": {
        "precision": 0.8823529411764706,
        "recall": 0.8333333333333334,
        "f1-score": 0.8571428571428571,
        "support": 18
    },
    "punchers": {
        "precision": 0.35714285714285715,
        "recall": 0.7692307692307693,
        "f1-score": 0.48780487804878053,
        "support": 13
    },
    "ring_binder": {
        "precision": 0.3,
        "recall": 0.6,
        "f1-score": 0.4,
        "support": 5
    },
    "ruler": {
        "precision": 0.5,
        "recall": 1.0,
        "f1-score": 0.6666666666666666,
        "support": 2
    },
    "scissors": {
        "precision": 1.0,
        "recall": 1.0,
        "f1-score": 1.0,
        "support": 13
    },
    "speaker": {
        "precision": 0.8947368421052632,
        "recall": 0.8095238095238095,
        "f1-score": 0.8500000000000001,
        "support": 21
    },
    "stapler": {
        "precision": 0.6153846153846154,
        "recall": 0.5,
        "f1-score": 0.5517241379310345,
        "support": 16
    },
    "tape_dispenser": {
        "precision": 1.0,
        "recall": 0.7647058823529411,
        "f1-score": 0.8666666666666666,
        "support": 17
    },
    "trash_can": {
        "precision": 1.0,
        "recall": 0.7,
        "f1-score": 0.8235294117647058,
        "support": 10
    },
    "accuracy": 0.7959183673469388,
    "macro avg": {
        "precision": 0.8235327637729516,
        "recall": 0.836718083175189,
        "f1-score": 0.8077088583344824,
        "support": 343
    },
    "weighted avg": {
        "precision": 0.8569085236892964,
        "recall": 0.7959183673469388,
        "f1-score": 0.8006137492564666,
        "support": 343
    }
}