{
    "back_pack": {
        "precision": 0.7321428571428571,
        "recall": 0.9425287356321839,
        "f1-score": 0.8241206030150753,
        "support": 87
    },
    "bike": {
        "precision": 0.9506172839506173,
        "recall": 1.0,
        "f1-score": 0.9746835443037974,
        "support": 77
    },
    "bike_helmet": {
        "precision": 0.9117647058823529,
        "recall": 0.9253731343283582,
        "f1-score": 0.9185185185185185,
        "support": 67
    },
    "bookcase": {
        "precision": 0.64,
        "recall": 0.8311688311688312,
        "f1-score": 0.7231638418079096,
        "support": 77
    },
    "bottle": {
        "precision": 0.24675324675324675,
        "recall": 0.6129032258064516,
        "f1-score": 0.35185185185185186,
        "support": 31
    },
    "calculator": {
        "precision": 0.8390804597701149,
        "recall": 0.8202247191011236,
        "f1-score": 0.8295454545454546,
        "support": 89
    },
    "desk_chair": {
        "precision": 0.6972477064220184,
        "recall": 0.8837209302325582,
        "f1-score": 0.7794871794871796,
        "support": 86
    },
    "desk_lamp": {
        "precision": 0.78125,
        "recall": 0.2717391304347826,
        "f1-score": 0.4032258064516128,
        "support": 92
    },
    "desktop_computer": {
        "precision": 0.40789473684210525,
        "recall": 0.33695652173913043,
        "f1-score": 0.36904761904761907,
        "support": 92
    },
    "file_cabinet": {
        "precision": 0.35074626865671643,
        "recall": 0.618421052631579,
        "f1-score": 0.44761904761904764,
        "support": 76
    },
    "headphones": {
        "precision": 0.8837209302325582,
        "recall": 0.40425531914893614,
        "f1-score": 0.5547445255474452,
        "support": 94
    },
    "keyboard": {
        "precision": 0.7410714285714286,
        "recall": 0.8736842105263158,
        "f1-score": 0.8019323671497586,
        "support": 95
    },
    "laptop_computer": {
        "precision": 0.6230769230769231,
        "recall": 0.8526315789473684,
        "f1-score": 0.72,
        "support": 95
    },
    "letter_tray": {
        "precision": 0.8888888888888888,
        "recall": 0.6881720430107527,
        "f1-score": 0.7757575757575758,
        "support": 93
    },
    "mobile_phone": {
        "precision": 0.875,
        "recall": 0.8105263157894737,
        "f1-score": 0.8415300546448087,
        "support": 95
    },
    "monitor": {
        "precision": 0.6111111111111112,
        "recall": 0.9361702127659575,
        "f1-score": 0.7394957983193278,
        "support": 94
    },
    "mouse": {
        "precision": 0.7232142857142857,
        "recall": 0.8526315789473684,
        "f1-score": 0.782608695652174,
        "support": 95
    },
    "mug": {
        "precision": 0.8615384615384616,
        "recall": 0.6292134831460674,
        "f1-score": 0.7272727272727273,
        "support": 89
    },
    "paper_notebook": {
        "precision": 0.48717948717948717,
        "recall": 0.4175824175824176,
        "f1-score": 0.44970414201183434,
        "support": 91
    },
    "pen": {
        "precision": 0.639344262295082,
        "recall": 0.43333333333333335,
        "f1-score": 0.5165562913907286,
        "support": 90
    },
    "phone": {
        "precision": 0.7761194029850746,
        "recall": 0.5909090909090909,
        "f1-score": 0.6709677419354839,
        "support": 88
    },
    "printer": {
        "precision": 0.6823529411764706,
        "recall": 0.6105263157894737,
        "f1-score": 0.6444444444444445,
        "support": 95
    },
    "projector": {
        "precision": 0.8068181818181818,
        "recall": 0.7634408602150538,
        "f1-score": 0.7845303867403314,
        "support": 93
    },
    "punchers": {
        "precision": 0.1919191919191919,
        "recall": 0.20430107526881722,
        "f1-score": 0.19791666666666666,
        "support": 93
    },
    "ring_binder": {
        "precision": 0.3870967741935484,
        "recall": 0.1411764705882353,
        "f1-score": 0.20689655172413793,
        "support": 85
    },
    "ruler": {
        "precision": 0.5681818181818182,
        "recall": 0.35714285714285715,
        "f1-score": 0.4385964912280702,
        "support": 70
    },
    "scissors": {
        "precision": 0.4074074074074074,
        "recall": 0.4631578947368421,
        "f1-score": 0.43349753694581283,
        "support": 95
    },
    "speaker": {
        "precision": 0.48936170212765956,
        "recall": 0.48936170212765956,
        "f1-score": 0.48936170212765956,
        "support": 94
    },
    "stapler": {
        "precision": 0.3357142857142857,
        "recall": 0.5,
        "f1-score": 0.4017094017094017,
        "support": 94
    },
    "tape_dispenser": {
        "precision": 0.4235294117647059,
        "recall": 0.3956043956043956,
        "f1-score": 0.40909090909090906,
        "support": 91
    },
    "trash_can": {
        "precision": 0.65,
        "recall": 0.4406779661016949,
        "f1-score": 0.5252525252525252,
        "support": 59
    },
    "accuracy": 0.6149511645379414,
    "macro avg": {
        "precision": 0.6325852955263419,
        "recall": 0.6160495291211971,
        "f1-score": 0.6042945162019319,
        "support": 2662
    },
    "weighted avg": {
        "precision": 0.6388430500075841,
        "recall": 0.6149511645379414,
        "f1-score": 0.6080836943155477,
        "support": 2662
    }
}