{
    "back_pack": {
        "precision": 0.9047619047619048,
        "recall": 0.8735632183908046,
        "f1-score": 0.8888888888888888,
        "support": 87
    },
    "bike": {
        "precision": 0.9620253164556962,
        "recall": 0.987012987012987,
        "f1-score": 0.9743589743589742,
        "support": 77
    },
    "bike_helmet": {
        "precision": 0.9259259259259259,
        "recall": 0.746268656716418,
        "f1-score": 0.8264462809917356,
        "support": 67
    },
    "bookcase": {
        "precision": 0.6422018348623854,
        "recall": 0.9090909090909091,
        "f1-score": 0.7526881720430108,
        "support": 77
    },
    "bottle": {
        "precision": 0.3283582089552239,
        "recall": 0.7096774193548387,
        "f1-score": 0.4489795918367347,
        "support": 31
    },
    "calculator": {
        "precision": 0.7916666666666666,
        "recall": 0.6404494382022472,
        "f1-score": 0.7080745341614907,
        "support": 89
    },
    "desk_chair": {
        "precision": 0.8620689655172413,
        "recall": 0.872093023255814,
        "f1-score": 0.8670520231213873,
        "support": 86
    },
    "desk_lamp": {
        "precision": 0.9090909090909091,
        "recall": 0.43478260869565216,
        "f1-score": 0.5882352941176471,
        "support": 92
    },
    "desktop_computer": {
        "precision": 0.24719101123595505,
        "recall": 0.2391304347826087,
        "f1-score": 0.2430939226519337,
        "support": 92
    },
    "file_cabinet": {
        "precision": 0.5925925925925926,
        "recall": 0.631578947368421,
        "f1-score": 0.6114649681528662,
        "support": 76
    },
    "headphones": {
        "precision": 0.8469387755102041,
        "recall": 0.8829787234042553,
        "f1-score": 0.8645833333333334,
        "support": 94
    },
    "keyboard": {
        "precision": 0.9120879120879121,
        "recall": 0.8736842105263158,
        "f1-score": 0.8924731182795699,
        "support": 95
    },
    "laptop_computer": {
        "precision": 0.5845070422535211,
        "recall": 0.8736842105263158,
        "f1-score": 0.7004219409282701,
        "support": 95
    },
    "letter_tray": {
        "precision": 0.6944444444444444,
        "recall": 0.26881720430107525,
        "f1-score": 0.3875968992248062,
        "support": 93
    },
    "mobile_phone": {
        "precision": 0.5974025974025974,
        "recall": 0.968421052631579,
        "f1-score": 0.7389558232931727,
        "support": 95
    },
    "monitor": {
        "precision": 0.7699115044247787,
        "recall": 0.925531914893617,
        "f1-score": 0.8405797101449276,
        "support": 94
    },
    "mouse": {
        "precision": 0.6640625,
        "recall": 0.8947368421052632,
        "f1-score": 0.7623318385650224,
        "support": 95
    },
    "mug": {
        "precision": 0.759493670886076,
        "recall": 0.6741573033707865,
        "f1-score": 0.7142857142857143,
        "support": 89
    },
    "paper_notebook": {
        "precision": 0.4625,
        "recall": 0.4065934065934066,
        "f1-score": 0.4327485380116959,
        "support": 91
    },
    "pen": {
        "precision": 0.7894736842105263,
        "recall": 0.5,
        "f1-score": 0.6122448979591837,
        "support": 90
    },
    "phone": {
        "precision": 0.6142857142857143,
        "recall": 0.48863636363636365,
        "f1-score": 0.5443037974683544,
        "support": 88
    },
    "printer": {
        "precision": 0.5813953488372093,
        "recall": 0.7894736842105263,
        "f1-score": 0.6696428571428572,
        "support": 95
    },
    "projector": {
        "precision": 0.5537190082644629,
        "recall": 0.7204301075268817,
        "f1-score": 0.6261682242990655,
        "support": 93
    },
    "punchers": {
        "precision": 0.5111111111111111,
        "recall": 0.24731182795698925,
        "f1-score": 0.3333333333333333,
        "support": 93
    },
    "ring_binder": {
        "precision": 0.5,
        "recall": 0.23529411764705882,
        "f1-score": 0.31999999999999995,
        "support": 85
    },
    "ruler": {
        "precision": 0.5753424657534246,
        "recall": 0.6,
        "f1-score": 0.5874125874125874,
        "support": 70
    },
    "scissors": {
        "precision": 0.5428571428571428,
        "recall": 0.4,
        "f1-score": 0.46060606060606063,
        "support": 95
    },
    "speaker": {
        "precision": 0.6382978723404256,
        "recall": 0.3191489361702128,
        "f1-score": 0.4255319148936171,
        "support": 94
    },
    "stapler": {
        "precision": 0.5504587155963303,
        "recall": 0.6382978723404256,
        "f1-score": 0.5911330049261083,
        "support": 94
    },
    "tape_dispenser": {
        "precision": 0.37209302325581395,
        "recall": 0.5274725274725275,
        "f1-score": 0.4363636363636364,
        "support": 91
    },
    "trash_can": {
        "precision": 0.4,
        "recall": 0.576271186440678,
        "f1-score": 0.47222222222222227,
        "support": 59
    },
    "accuracy": 0.637114951164538,
    "macro avg": {
        "precision": 0.6479440603092324,
        "recall": 0.6404706172459671,
        "f1-score": 0.6232974871941357,
        "support": 2662
    },
    "weighted avg": {
        "precision": 0.6542648671905233,
        "recall": 0.637114951164538,
        "f1-score": 0.6252589628922508,
        "support": 2662
    }
}