{
    "back_pack": {
        "precision": 0.8229166666666666,
        "recall": 0.9080459770114943,
        "f1-score": 0.8633879781420765,
        "support": 87
    },
    "bike": {
        "precision": 0.9615384615384616,
        "recall": 0.974025974025974,
        "f1-score": 0.967741935483871,
        "support": 77
    },
    "bike_helmet": {
        "precision": 0.9298245614035088,
        "recall": 0.7910447761194029,
        "f1-score": 0.8548387096774193,
        "support": 67
    },
    "bookcase": {
        "precision": 0.3945578231292517,
        "recall": 0.7532467532467533,
        "f1-score": 0.5178571428571429,
        "support": 77
    },
    "bottle": {
        "precision": 0.4074074074074074,
        "recall": 0.7096774193548387,
        "f1-score": 0.5176470588235293,
        "support": 31
    },
    "calculator": {
        "precision": 0.6722689075630253,
        "recall": 0.898876404494382,
        "f1-score": 0.7692307692307693,
        "support": 89
    },
    "desk_chair": {
        "precision": 0.8539325842696629,
        "recall": 0.8837209302325582,
        "f1-score": 0.8685714285714285,
        "support": 86
    },
    "desk_lamp": {
        "precision": 0.7659574468085106,
        "recall": 0.391304347826087,
        "f1-score": 0.5179856115107915,
        "support": 92
    },
    "desktop_computer": {
        "precision": 0.49411764705882355,
        "recall": 0.45652173913043476,
        "f1-score": 0.4745762711864407,
        "support": 92
    },
    "file_cabinet": {
        "precision": 0.5108695652173914,
        "recall": 0.618421052631579,
        "f1-score": 0.5595238095238095,
        "support": 76
    },
    "headphones": {
        "precision": 0.8543689320388349,
        "recall": 0.9361702127659575,
        "f1-score": 0.8934010152284263,
        "support": 94
    },
    "keyboard": {
        "precision": 0.9642857142857143,
        "recall": 0.8526315789473684,
        "f1-score": 0.9050279329608938,
        "support": 95
    },
    "laptop_computer": {
        "precision": 0.7226890756302521,
        "recall": 0.9052631578947369,
        "f1-score": 0.8037383177570093,
        "support": 95
    },
    "letter_tray": {
        "precision": 0.8214285714285714,
        "recall": 0.4946236559139785,
        "f1-score": 0.6174496644295302,
        "support": 93
    },
    "mobile_phone": {
        "precision": 0.8125,
        "recall": 0.6842105263157895,
        "f1-score": 0.742857142857143,
        "support": 95
    },
    "monitor": {
        "precision": 0.8247422680412371,
        "recall": 0.851063829787234,
        "f1-score": 0.8376963350785339,
        "support": 94
    },
    "mouse": {
        "precision": 0.6967213114754098,
        "recall": 0.8947368421052632,
        "f1-score": 0.783410138248848,
        "support": 95
    },
    "mug": {
        "precision": 0.7731958762886598,
        "recall": 0.8426966292134831,
        "f1-score": 0.8064516129032259,
        "support": 89
    },
    "paper_notebook": {
        "precision": 0.3930635838150289,
        "recall": 0.7472527472527473,
        "f1-score": 0.5151515151515151,
        "support": 91
    },
    "pen": {
        "precision": 0.5714285714285714,
        "recall": 0.5333333333333333,
        "f1-score": 0.5517241379310344,
        "support": 90
    },
    "phone": {
        "precision": 0.828125,
        "recall": 0.6022727272727273,
        "f1-score": 0.6973684210526316,
        "support": 88
    },
    "printer": {
        "precision": 0.672566371681416,
        "recall": 0.8,
        "f1-score": 0.730769230769231,
        "support": 95
    },
    "projector": {
        "precision": 0.8163265306122449,
        "recall": 0.8602150537634409,
        "f1-score": 0.837696335078534,
        "support": 93
    },
    "punchers": {
        "precision": 0.5172413793103449,
        "recall": 0.3225806451612903,
        "f1-score": 0.3973509933774834,
        "support": 93
    },
    "ring_binder": {
        "precision": 0.7,
        "recall": 0.16470588235294117,
        "f1-score": 0.26666666666666666,
        "support": 85
    },
    "ruler": {
        "precision": 0.7450980392156863,
        "recall": 0.5428571428571428,
        "f1-score": 0.6280991735537191,
        "support": 70
    },
    "scissors": {
        "precision": 0.6024096385542169,
        "recall": 0.5263157894736842,
        "f1-score": 0.5617977528089888,
        "support": 95
    },
    "speaker": {
        "precision": 0.7857142857142857,
        "recall": 0.46808510638297873,
        "f1-score": 0.5866666666666668,
        "support": 94
    },
    "stapler": {
        "precision": 0.5529411764705883,
        "recall": 0.5,
        "f1-score": 0.5251396648044693,
        "support": 94
    },
    "tape_dispenser": {
        "precision": 0.5222222222222223,
        "recall": 0.5164835164835165,
        "f1-score": 0.5193370165745856,
        "support": 91
    },
    "trash_can": {
        "precision": 0.5692307692307692,
        "recall": 0.6271186440677966,
        "f1-score": 0.5967741935483871,
        "support": 59
    },
    "accuracy": 0.6784372652141247,
    "macro avg": {
        "precision": 0.6954738835002182,
        "recall": 0.6792742708199652,
        "f1-score": 0.6682559562082194,
        "support": 2662
    },
    "weighted avg": {
        "precision": 0.7022767657010479,
        "recall": 0.6784372652141247,
        "f1-score": 0.6717663653563253,
        "support": 2662
    }
}